what,kind,bundleId,bundleVersion,description,time
executed,command,org.eclipse.ui.workbench.texteditor,3.4.1.r341_v20080827-1100,org.eclipse.ui.edit.text.scroll.lineDown,1244460976484
executed,command,org.eclipse.ui.workbench.texteditor,3.4.1.r341_v20080827-1100,org.eclipse.ui.edit.text.scroll.lineDown,1244460976515
executed,command,org.eclipse.ui.workbench.texteditor,3.4.1.r341_v20080827-1100,org.eclipse.ui.edit.text.scroll.lineDown,1244460976562
executed,command,org.eclipse.ui.workbench.texteditor,3.4.1.r341_v20080827-1100,org.eclipse.ui.edit.text.scroll.lineDown,1244460976859
executed,command,org.eclipse.ui.workbench.texteditor,3.4.1.r341_v20080827-1100,org.eclipse.ui.edit.text.scroll.lineDown,1244460977390
executed,command,org.eclipse.ui.workbench.texteditor,3.4.1.r341_v20080827-1100,org.eclipse.ui.edit.text.scroll.lineDown,1244460977906
executed,command,org.eclipse.ui.workbench.texteditor,3.4.1.r341_v20080827-1100,org.eclipse.ui.edit.text.scroll.lineDown,1244460977937
executed,command,org.eclipse.ui.workbench.texteditor,3.4.1.r341_v20080827-1100,org.eclipse.ui.edit.text.scroll.lineDown,1244460977968
executed,command,org.eclipse.ui.workbench.texteditor,3.4.1.r341_v20080827-1100,org.eclipse.ui.edit.text.scroll.lineDown,1244460978000
executed,command,org.eclipse.ui.workbench.texteditor,3.4.1.r341_v20080827-1100,org.eclipse.ui.edit.text.scroll.lineDown,1244460978046
executed,command,org.eclipse.ui.workbench.texteditor,3.4.1.r341_v20080827-1100,org.eclipse.ui.edit.text.scroll.lineDown,1244460978078
executed,command,org.eclipse.ui.workbench.texteditor,3.4.1.r341_v20080827-1100,org.eclipse.ui.edit.text.scroll.lineDown,1244460978109
executed,command,org.eclipse.ui.workbench.texteditor,3.4.1.r341_v20080827-1100,org.eclipse.ui.edit.text.scroll.lineDown,1244460978156
executed,command,org.eclipse.ui.workbench.texteditor,3.4.1.r341_v20080827-1100,org.eclipse.ui.edit.text.scroll.lineDown,1244460978187
executed,command,org.eclipse.ui.workbench.texteditor,3.4.1.r341_v20080827-1100,org.eclipse.ui.edit.text.scroll.lineDown,1244460978218
executed,command,org.eclipse.ui.workbench.texteditor,3.4.1.r341_v20080827-1100,org.eclipse.ui.edit.text.goto.wordNext,1244460990593
executed,command,org.eclipse.ui.workbench.texteditor,3.4.1.r341_v20080827-1100,org.eclipse.ui.edit.text.goto.wordNext,1244460990750
executed,command,org.eclipse.ui.workbench.texteditor,3.4.1.r341_v20080827-1100,org.eclipse.ui.edit.text.goto.wordNext,1244460991109
executed,command,org.eclipse.ui.workbench.texteditor,3.4.1.r341_v20080827-1100,org.eclipse.ui.edit.text.goto.wordNext,1244460991296
executed,command,org.eclipse.ui.workbench.texteditor,3.4.1.r341_v20080827-1100,org.eclipse.ui.edit.text.goto.wordNext,1244460991609
executed,command,org.eclipse.ui.workbench.texteditor,3.4.1.r341_v20080827-1100,org.eclipse.ui.edit.text.goto.wordPrevious,1244460991906
executed,command,org.eclipse.ui.workbench.texteditor,3.4.1.r341_v20080827-1100,org.eclipse.ui.edit.text.scroll.lineDown,1244460994156
executed,command,org.eclipse.ui.workbench.texteditor,3.4.1.r341_v20080827-1100,org.eclipse.ui.edit.text.scroll.lineDown,1244460994671
executed,command,org.eclipse.ui.workbench.texteditor,3.4.1.r341_v20080827-1100,org.eclipse.ui.edit.text.scroll.lineDown,1244460994703
executed,command,org.eclipse.ui.workbench.texteditor,3.4.1.r341_v20080827-1100,org.eclipse.ui.edit.text.scroll.lineDown,1244460994750
